,County,County,2023,Cases_2023,Hum_23,Pre_23,Tmax_23,Tmin_23,LSTMean_2023,WS_23,Chlorophyll_2023,Ag_MEAN_2023,Fs_MEAN_2023,Rn_MEAN_2023,Cases_normalized_2023
0,Adams,Adams,64435,1,80.156819,2.598918835,28.81206294,16.64385195,23.595,3.509917242,1.738076756,0.79,0.8,0.77,1.5519515791107317
1,Alexander,Alexander,4723,0,92.35483785,4.62789625,29.96826682,18.33339318,24.555,2.979814349,1.74042255,0.77,0.84,0.59,0.0
2,Bond,Bond,16637,0,87.93172214,3.354471728,28.87877013,16.41571503,24.0,3.666769333,1.629841944,0.81,0.82,0.8,0.0
3,Boone,Boone,53239,0,84.94161103,3.024114313,26.70637253,14.31515461,22.08,3.842082198,1.485985314,0.83,0.81,0.75,0.0
4,Brown,Brown,6301,0,83.88259533,2.443423704,28.59551049,16.055039,23.409999999999997,3.595764287,2.023601247,0.82,0.83,0.79,0.0
5,Bureau,Bureau,32758,0,84.58572387,3.044702875,27.59148332,15.10760023,22.405,3.489477051,1.803238904,0.83,0.81,0.8,0.0
6,Calhoun,Calhoun,4293,0,83.69184673,2.543989796,29.50914493,17.09776642,23.615000000000002,3.495144753,1.892000522,0.8,0.83,0.78,0.0
7,Carroll,Carroll,15492,0,83.37552146,2.514305002,27.51169343,14.6070582,21.935000000000002,3.647926402,1.395870342,0.83,0.81,0.76,0.0
8,Cass,Cass,12779,0,85.59834637,2.362457298,29.03254434,15.94207841,23.509999999999998,3.648923074,1.904397387,0.8,0.82,0.77,0.0
9,Champaign,Champaign,209813,1,86.00066355,2.665401875,28.1842794,15.70797464,0.0,3.423976944,1.570749458,0.82,0.82,0.76,0.47661489040240596
10,Christian,Christian,33319,0,86.13751364,2.615162441,28.61341392,16.23372802,23.395000000000003,3.595321633,1.683479298,0.79,0.8,0.79,0.0
11,Clark,Clark,15218,0,88.55721758,3.00797057,28.5408586,15.9457016,22.935,3.428019147,1.397863419,0.79,0.81,0.76,0.0
12,Clay,Clay,12945,0,87.54047358,3.383493363,29.63685791,16.88188176,0.0,3.454142608,1.655847678,0.8,0.82,0.8,0.0
13,Clinton,Clinton,36886,0,85.37018218,2.865009328,29.60836059,17.50016143,24.355,3.579392771,1.326461816,0.78,0.8,0.84,0.0
14,Coles,Coles,46532,2,86.1266345,2.731150752,28.64248144,16.22848879,22.79,3.542764149,1.453769969,0.79,0.81,0.68,4.298117424568039
15,Cook,Cook,5142522,62,79.90509621,3.887430579,26.13358913,16.33682183,24.369999999999997,3.691988194,0.885392195,0.68,0.74,0.6,1.2056341227125522
16,Crawford,Crawford,18342,0,89.63520894,2.851030132,28.82616509,16.4464189,23.43,3.175042979,1.46679881,0.82,0.83,0.74,0.0
17,Cumberland,Cumberland,10272,0,87.45389977,3.014088053,28.87034009,16.17169064,22.78,3.589437211,1.542552962,0.78,0.8,0.79,0.0
18,DeKalb,DeKalb,100661,0,85.07505064,3.015146449,26.67375897,14.50058606,22.445,3.875228679,1.481935667,0.83,0.81,0.66,0.0
19,De Witt,De Witt,15331,0,86.85082345,3.385925677,28.23496111,15.59247866,23.245,3.495267779,1.621783459,0.84,0.81,0.0,0.0
20,Douglas,Douglas,19733,0,86.03788232,3.101232758,28.42183197,16.05379459,0.0,3.492675128,1.415711672,0.81,0.8,0.81,0.0
21,DuPage,DuPage,929180,16,83.19324423,3.354603412,27.01961719,15.54703375,23.81,3.829279054,0.752474742,0.75,0.73,0.79,1.7219483845971717
22,Edgar,Edgar,16442,1,89.11617368,2.9444114,28.62425661,15.55275479,0.0,3.46507079,1.395833743,0.82,0.82,0.72,6.08198515995621
23,Edwards,Edwards,6021,0,89.20596678,3.479644497,29.72687222,17.31882756,0.0,3.211438072,1.651693112,0.8,0.81,0.8,0.0
24,Effingham,Effingham,34453,0,86.75290753,2.424348178,29.22919373,16.47797706,23.79,3.638887804,1.507769485,0.79,0.8,0.79,0.0
25,Fayette,Fayette,21209,0,87.18777255,2.611281176,29.00499521,16.42306811,24.045,3.626622957,1.677344803,0.8,0.82,0.79,0.0
26,Ford,Ford,13316,0,87.81061487,2.903435374,28.04868348,15.22416089,0.0,3.468130025,1.837276395,0.84,0.81,0.78,0.0
27,Franklin,Franklin,37156,0,89.00811908,3.33492105,30.19011445,17.89410168,24.61,2.879890389,1.563872553,0.81,0.8,0.84,0.0
28,Fulton,Fulton,32664,0,86.1593279,2.81515401,28.33253754,15.46616216,23.7,3.633734873,1.767591658,0.82,0.82,0.79,0.0
29,Gallatin,Gallatin,4708,0,92.75839867,2.658922741,29.8277001,17.44791325,23.814999999999998,3.046437203,1.365410268,0.8,0.84,0.75,0.0
30,Greene,Greene,11572,0,85.70887192,2.417433156,29.08369809,16.46463766,23.3,3.558043278,1.831639098,0.8,0.82,0.78,0.0
31,Grundy,Grundy,53587,0,86.85650114,3.06507025,27.39581356,14.89060505,22.915,3.411641441,1.739910449,0.82,0.78,0.78,0.0
32,Hamilton,Hamilton,7886,0,90.54129972,2.713666454,30.10092449,17.37927298,7.904999999999999,3.078128751,1.592285224,0.81,0.83,0.8,0.0
33,Hancock,Hancock,17195,0,81.4593117,2.476129506,28.50340071,16.49409025,23.05,3.577102971,1.739035124,0.81,0.8,0.82,0.0
34,Hardin,Hardin,3599,0,92.97200579,3.100477933,29.6036917,17.52218991,23.59,3.290817742,1.88309253,0.81,0.85,0.78,0.0
35,Henderson,Henderson,6105,0,83.67274649,3.060105715,28.0663789,16.09751445,23.015,3.559051205,1.88354218,0.83,0.81,0.82,0.0
36,Henry,Henry,48362,0,83.70668284,3.057538278,27.82584195,15.54445744,22.465,3.547410434,1.733342286,0.83,0.8,0.78,0.0
37,Iroquois,Iroquois,26033,0,87.81278138,3.080300913,27.76382973,14.95021788,22.825000000000003,3.487418665,1.695967773,0.84,0.84,0.79,0.0
38,Jackson,Jackson,52867,0,91.16291096,3.614837262,30.26609151,17.59044354,23.86,2.945215808,1.725364027,0.79,0.83,0.77,0.0
39,Jasper,Jasper,9156,0,86.36928052,2.679652712,28.97613739,16.81596598,23.725,3.52637648,1.610999194,0.82,0.81,0.78,0.0
40,Jefferson,Jefferson,36331,0,88.5224091,2.729293221,30.14787665,17.24040269,24.655,3.159920719,1.66352187,0.8,0.81,0.74,0.0
41,Jersey,Jersey,21158,0,86.2107568,2.80660451,29.19340945,16.85365869,23.9,3.500565961,1.715129224,0.82,0.84,0.81,0.0
42,Jo Daviess,Jo Daviess,21749,0,84.41523062,2.880159638,26.91482217,14.22989222,21.735,3.646438107,1.519541171,0.81,0.8,0.71,0.0
43,Johnson,Johnson,13355,0,92.64505905,3.84359177,29.7828013,17.86731939,23.62,2.908874032,1.873927163,0.84,0.85,0.75,0.0
44,Kane,Kane,517241,7,84.66787219,3.26122083,26.73841887,14.79556326,24.229999999999997,3.860267492,1.208645166,0.8,0.77,0.74,1.3533343257785055
45,Kankakee,Kankakee,106386,0,88.10718976,3.01050527,27.17599344,14.84413974,23.369999999999997,3.413159801,1.59698546,0.82,0.81,0.82,0.0
46,Kendall,Kendall,140229,1,84.63798026,3.292239161,27.09887838,15.12520005,23.009999999999998,3.500477633,1.524618502,0.82,0.8,0.71,0.7131192549330024
47,Knox,Knox,48663,0,86.79283127,3.663546218,27.77004787,15.17025891,22.66,3.618732732,3.130123028,0.84,0.83,0.74,0.0
48,Lake,Lake,714207,1,84.26836884,3.128289446,25.68101352,15.07152844,22.225,4.058444189,4.29994408,0.74,0.74,0.77,0.140015429700353
49,LaSalle,LaSalle,108397,0,86.47318752,2.952761342,27.37488671,14.67732339,24.314999999999998,3.536625316,1.703091345,0.83,0.78,0.8,0.0
50,Lawrence,Lawrence,14886,0,89.44277367,2.870621361,29.44664353,16.84672971,23.485,3.18296487,1.407152057,0.8,0.82,0.78,0.0
51,Lee,Lee,33606,1,85.52292791,2.921715914,27.26482318,14.57281505,21.995,3.721464322,1.599030036,0.82,0.8,0.85,2.975659108492531
52,Livingston,Livingston,35321,0,89.56768632,3.426152529,27.93010447,14.84066942,22.97,3.401897945,1.939923015,0.83,0.81,0.8,0.0
53,Logan,Logan,27508,0,86.21408907,3.296602155,28.57913704,15.89824127,23.22,3.513648979,1.728778919,0.83,0.82,0.75,0.0
54,McDonough,McDonough,26952,0,85.61157982,2.499209876,28.17747105,15.87949573,22.475,3.650845468,1.727530539,0.82,0.81,0.77,0.0
55,McHenry,McHenry,313435,1,86.91582779,2.979742979,26.64386338,14.15426965,22.395,3.890812551,1.383586774,0.8,0.78,0.74,0.31904541611498394
56,McLean,McLean,171493,0,87.96556205,3.425393921,28.21156174,15.28860039,22.825,3.643309646,1.805902373,0.85,0.83,0.78,0.0
57,Macon,Macon,100754,2,84.77925531,2.797205596,28.47902657,16.33628042,24.315,3.510714264,1.65087343,0.81,0.79,0.68,1.9850328522937055
58,Macoupin,Macoupin,44127,0,86.67838826,2.69523006,28.81515634,16.30158812,23.259999999999998,3.616698461,1.5248889,0.79,0.82,0.78,0.0
59,Madison,Madison,263442,2,84.66265168,2.91467697,29.17667637,17.61042462,25.36,3.520671742,1.344187015,0.78,0.79,0.83,0.7591803888521952
60,Marion,Marion,36640,1,87.0759521,3.728419585,29.63696219,17.06057988,24.09,3.452339264,1.746135738,0.81,0.83,0.78,2.7292576419213974
61,Marshall,Marshall,11650,1,87.00866082,3.689598453,27.84858313,15.0822479,22.935,3.512216919,1.982337191,0.85,0.82,0.82,8.583690987124465
62,Mason,Mason,12588,0,85.45832745,2.647171079,28.95506954,15.84570648,23.68,3.591322697,1.844869257,0.8,0.79,0.79,0.0
63,Massac,Massac,13751,0,94.6823892,4.125706971,29.70305801,17.85779503,24.435000000000002,2.924090369,1.561960752,0.82,0.83,0.8,0.0
64,Menard,Menard,11996,0,84.84210726,2.384415541,28.80640075,16.15913401,23.340000000000003,3.599317795,1.82875378,0.82,0.82,0.79,0.0
65,Mercer,Mercer,15456,0,84.43669178,2.867657797,28.16884808,15.63248836,22.799999999999997,3.571230992,1.816549211,0.83,0.82,0.72,0.0
66,Monroe,Monroe,35144,0,83.01651002,2.434860835,30.49175519,18.42829716,24.085,3.231916666,1.399968737,0.76,0.79,0.77,0.0
67,Montgomery,Montgomery,27756,0,87.26098767,2.563240304,28.75884097,16.02517668,23.29,3.62060452,1.574422564,0.79,0.81,0.76,0.0
68,Morgan,Morgan,32773,0,86.27269347,2.604434562,28.98745262,15.95188462,23.92,3.634856911,1.707830573,0.8,0.8,0.0,0.0
69,Moultrie,Moultrie,14327,0,85.34327297,2.844201056,28.44667543,16.31748612,23.355,3.538654657,1.653030822,0.8,0.77,0.73,0.0
70,Ogle,Ogle,51391,1,84.04125348,2.428250055,27.1434815,14.53417682,21.615000000000002,3.874493534,1.459786157,0.82,0.8,0.76,1.9458660076667122
71,Peoria,Peoria,178735,3,84.47121793,3.352285043,28.01305878,15.70314106,23.97,3.576583456,1.712045024,0.82,0.81,0.83,1.678462528324055
72,Perry,Perry,20499,0,87.48075819,3.207793397,30.06312985,17.75826414,24.435,2.999889465,1.447288794,0.78,0.78,0.79,0.0
73,Piatt,Piatt,16720,0,85.37521684,3.120877364,28.36174246,16.07506029,0.0,3.460590538,1.863094612,0.83,0.83,0.82,0.0
74,Pike,Pike,14339,0,83.03927196,2.248743262,29.0904659,16.63074751,23.189999999999998,3.551251114,1.91571951,0.79,0.81,0.75,0.0
75,Pope,Pope,3715,0,93.03760148,4.131965449,29.73409336,17.7911399,23.55,2.978374537,1.992274504,0.82,0.86,0.78,0.0
76,Pulaski,Pulaski,4957,0,92.92628804,4.540732084,29.81716821,18.36570465,24.11,2.96544743,1.629204433,0.8,0.83,0.73,0.0
77,Putnam,Putnam,5588,0,85.00371452,3.011237805,27.80889132,15.14809219,22.979999999999997,3.484625556,1.649223008,0.82,0.8,0.69,0.0
78,Randolph,Randolph,29993,0,87.34602221,2.891019687,30.02342454,17.56311819,24.75,3.057572926,1.541771662,0.79,0.8,0.79,0.0
79,Richland,Richland,15502,0,88.44357048,3.038244925,29.44240586,16.76220043,24.085,3.376530054,1.59806366,0.81,0.82,0.77,0.0
80,Rock Island,Rock Island,141939,1,81.67139431,2.65150422,28.13737697,15.86861501,23.14,3.507312908,1.363147744,0.81,0.79,0.79,0.7045280014654182
81,St. Clair,St. Clair,252094,4,82.25987029,2.938244731,30.12224468,18.45313307,25.82,3.137394244,1.292372215,0.79,0.79,0.73,1.586709719390386
82,Saline,Saline,22988,0,90.97087512,2.745258143,30.39397273,17.8032984,24.195,2.988193295,1.521806011,0.8,0.83,0.77,0.0
83,Sangamon,Sangamon,194216,1,85.14306457,2.95704832,28.82184698,16.30976026,24.255,3.581468947,1.585032491,0.8,0.81,0.75,0.5148906372286527
84,Schuyler,Schuyler,6725,0,84.5200953,2.297917631,28.62007176,16.00065687,23.46,3.645983346,1.958634983,0.81,0.83,0.76,0.0
85,Scott,Scott,4850,0,84.43641834,2.078998374,29.05806926,16.35927667,23.18,3.634353278,1.689197221,0.79,0.8,0.77,0.0
86,Shelby,Shelby,20593,0,86.85543969,2.560462349,28.60760551,16.18217315,23.240000000000002,3.593158809,1.582577476,0.8,0.81,0.79,0.0
87,Stark,Stark,5267,0,86.35416033,3.540680224,27.54670381,15.04358678,0.0,3.561535957,1.859397799,0.84,0.83,0.76,0.0
88,Stephenson,Stephenson,43347,1,84.28492713,2.766864358,26.99117541,14.24103602,20.93,3.854657186,1.407779235,0.81,0.78,0.82,2.3069647265093316
89,Tazewell,Tazewell,129835,0,85.94144591,3.181188517,28.57564275,15.59802967,24.765,3.568393638,1.701996519,0.83,0.79,0.72,0.0
90,Union,Union,16866,0,92.5362887,3.480182445,29.63972118,17.80972117,24.215,2.885812138,1.938909263,0.79,0.84,0.78,0.0
91,Vermilion,Vermilion,71551,0,87.54480573,2.513167586,28.2033902,15.26160184,23.215000000000003,3.433240746,1.472458061,0.84,0.83,0.75,0.0
92,Wabash,Wabash,11032,0,89.95420204,3.344341171,29.75556279,17.15615419,23.47,3.08971723,1.570875067,0.78,0.8,0.77,0.0
93,Warren,Warren,16224,0,85.67276177,3.199674806,28.00895345,15.50027688,0.0,3.626040888,1.883948139,0.84,0.83,0.71,0.0
94,Washington,Washington,13570,0,85.84861555,2.947126233,29.82541381,17.68703676,0.0,3.328558217,1.502669248,0.8,0.82,0.77,0.0
95,Wayne,Wayne,15875,0,89.14126057,3.653751131,29.71048493,17.09796805,0.0,3.434734399,1.605560771,0.81,0.81,0.74,0.0
96,White,White,13482,0,92.24131924,2.532102733,29.78723603,17.23621795,23.89,3.135974217,1.525919115,0.82,0.82,0.81,0.0
97,Whiteside,Whiteside,54582,0,82.82983214,2.374838412,27.77222387,15.29525466,22.965000000000003,3.415740142,1.472708355,0.81,0.8,0.0,0.0
98,Will,Will,703383,4,87.01906686,3.472278779,27.12407289,14.94231227,24.54,3.475864573,1.130060229,0.8,0.75,0.0,0.568680221159738
99,Williamson,Williamson,66737,0,91.05369006,4.186028739,30.15261576,17.83542681,24.535,2.890199746,1.553404377,0.8,0.82,0.0,0.0
100,Winnebago,Winnebago,282214,2,82.81690407,2.648312003,27.05670046,14.64574585,22.515,3.844945771,1.237830385,0.79,0.78,0.0,0.708682063965643
101,Woodford,Woodford,38387,2,87.64557322,3.798921701,28.18021834,15.05194495,23.905,3.569936018,1.871551823,0.85,0.82,0.0,5.210097168312189
